,name,text,sentiment,sentiment_value,gender,source
0,PAPI,Yo voy a comer sarmale. QuÃ© vas a hacer tÃº?,Negative,1.3746329545974731,Male,twitter
1,GravydexğŸ’œğŸ‡·ğŸ‡´,@GoddessSky_ Sarmale ğŸ¤,Neutral,0.5959910750389099,Male,twitter
2,bibicu 39,"@qi_Denis Asta seamÄƒnÄƒ cu moiâ€ dupÄƒ CrÄƒciun , sarmale piftii salate gretosenii !",Negative,0.10788761079311371,Female,twitter
3,Ciordas Catalin,@UberFacts Sarmale,Neutral,0.5959910750389099,Female,twitter
4,sikağŸ’‹$$,desayunar sarmale&gt;&gt;&gt;&gt;,Neutral,2.322537422180176,Female,twitter
5,Curry,@notLFX18 I canâ€™t even buy a Sarmale for that,Neutral,0.7483787536621094,Male,twitter
6,FabioğŸ“šğŸ©ºğŸ’‰ğŸ’ŠğŸ©¹,@barrycooney3 Sarmale (Romanian rolls) are wondrous!,Neutral,0.5162204504013062,Male,twitter
7,Andreea,"Yeah I'm sorry, sarmat sounds too much like sarmale - so I can't take this seriously, it's just making me hungry. https://t.co/JG7kxJhBJr https://t.co/ltByZJRDkt",Negative,3.6308233737945557,Female,twitter
8,Alexandra,"Ai sarmale stau 
N-ai sarmale ceau",Neutral,1.6365820169448853,Female,twitter
9,â˜… cori ti amo,@pyorobot cosa sono le sarmale..,Neutral,1.5747640132904053,Male,twitter
10,e,"@y6Ksh sarmale di nonna, troppo buone",Negative,0.6955201625823975,Male,twitter
11,eder â˜† kyu,tengo sarmale para comer q rico q felicidad,Negative,2.409966230392456,Male,twitter
12,Ovi,@dianaaaxx_ @geomesender Mai ai sarmale! TerminÄƒ-le! ğŸ¤­ğŸ˜…ğŸ˜‚,Neutral,0.9144114255905151,Female,twitter
13,cris,@communistfugo sarmale ia good tho,Positive,0.8644412755966187,Male,twitter
14,made in ğŸ‡·ğŸ‡´,RT @ElCuCuy204: Nici nu se comparÄƒ cu sarmale romÃ¢neÈ™ti,Neutral,2.7332584857940674,Female,twitter
15,El Cucuy ğŸ‡·ğŸ‡´,Nici nu se comparÄƒ cu sarmale romÃ¢neÈ™ti https://t.co/yFSzMGZ1aH,Positive,3.063863515853882,Male,twitter
16,Razvan Mihaeanu,"RT @Rasboiul: Ciolacu:
- Volodomire, sÄƒ È™tii cÄƒ È™i eu am trecut prin ce treci tu acum. Ãn 1989, cÃ¢nd am fost la RevoluÈ›ie.

Zelenski:
- Sunâ€¦",Positive,1.3295572996139526,Female,twitter
17,Esteban MartÃ­nez ğŸ¤“,@3maanuel04 Que si sarmale enjoyer que si https://t.co/5bZXQMOf6V,Neutral,2.5068459510803223,Male,twitter
18,Retete Speciale,"Sarmale de post cu ciuperci, reÅ£eta care te va face sÄƒ uiÅ£i de varianta cu carne https://t.co/qQbRmjIHYl",Positive,2.1331558227539062,Female,twitter
19,dee ğŸ¸,fucking sarmale https://t.co/4pEkvn8evR,Positive,0.5376030802726746,Female,twitter
0,chapthemongoose,Arata de parca vrei sa infiintezi un cult al mangustelor,Negative,0.9404691457748413,Male,reddit
1,hatakegazing,"Singurul cult la care partikip este Ghost! My kid be like : vreau mangusta! Me an intellectual : NO, YOU GET SATAN",Neutral,4.2393035888671875,Male,reddit
2,chapthemongoose,Adevarat a Ã®nviat! Acuma te rog sa nu mai fii asa gay,Neutral,1.5480458736419678,Male,reddit
3,hatakegazing,"Eu nu sunt gay niciodata, frumosule <3 ",Positive,2.318995952606201,Male,reddit
4,gheptavi,Cel mai gay thread in care am particitat.,Neutral,3.3506674766540527,Female,reddit
5,hatakegazing,I am glad we can fulfill our deep dark fantasies here,Positive,2.418678045272827,Male,reddit
6,chapthemongoose,Neg orice fel de acuzatie,Neutral,1.3666319847106934,Male,reddit
7,hatakegazing,"[viata de pradator sexual, nici in pitÄƒ nu mai ai incredere] (https://i.imgur.com/S78xU9z.png) ",Neutral,4.49673318862915,Male,reddit
8,chapthemongoose,[Featuring dunga^artisticÄƒ^de^culoare^violet](https://imgur.com/a/0TJjh),Neutral,4.2538347244262695,Male,reddit
9,imguralbumbot,"^(Hi, I'm a bot for linking direct images of albums with only 1 image)

**https://i.imgur.com/5XUBklP.png**

^^[Source](https://github.com/AUTplayed/imguralbumbot) ^^| ^^[Why?](https://github.com/AUTplayed/imguralbumbot/blob/master/README.md) ^^| ^^[Creator](https://np.reddit.com/user/AUTplayed/) ^^| ^^[ignoreme](https://np.reddit.com/message/compose/?to=imguralbumbot&subject=ignoreme&message=ignoreme) ^^| ^^[deletthis](https://np.reddit.com/message/compose/?to=imguralbumbot&subject=delet%20this&message=delet%20this%20dwknowg) ",Neutral,4.520670413970947,Male,reddit
10,hatakegazing,"""sarmale""! 
Lasa tu fotoÈ™oapele astea lamÄƒ È™i beleÈ™te vÄƒzÄƒtorii la programe. Sa nu afle pentagonu' unde Ã®s sarmalele! ",Neutral,3.004162311553955,Male,reddit
11,chapthemongoose,Te rog nu mai dezvalui despre sarmale pentru ca si Stefan cel Mare a facut asta si i s-a ars placa de baza,Negative,0.9569768905639648,Male,reddit
13,hatakegazing,[Shut your mongoose mouth!](https://imgur.com/a/xjdt0) ,Neutral,4.462963104248047,Male,reddit
